DeliveryDate,DeliveryHour,DeliveryInterval,SettlementPointName,SettlementPointType,SettlementPointPrice,DSTFlag
03/29/2024,1,4,7RNCHSLR_ALL,RN,5.81,N
03/29/2024,1,4,AEEC,RN,-5.15,N
03/29/2024,1,4,AGUAYO_UNIT1,RN,-5.41,N
03/29/2024,1,4,AJAXWIND_RN,RN,-5.3,N
03/29/2024,1,4,ALGOD_ALL_RN,RN,-10.96,N
03/29/2024,1,4,ALVIN_RN,RN,4.12,N
03/29/2024,1,4,AMADEUS_ALL,RN,-5.45,N
03/29/2024,1,4,AMISTAD_ALL,RN,9.12,N
03/29/2024,1,4,AMOCOOIL_CC1,LCCRN,4.1,N
03/29/2024,1,4,AMOCOOIL_CC2,LCCRN,4.1,N
03/29/2024,1,4,AMOCO_PUN1,PUN,4.1,N
03/29/2024,1,4,AMOCO_PUN2,PUN,4.1,N
03/29/2024,1,4,AMO_AMOCO_1,PCCRN,4.1,N
03/29/2024,1,4,AMO_AMOCO_2,PCCRN,4.1,N
03/29/2024,1,4,AMO_AMOCO_5,PCCRN,4.1,N
03/29/2024,1,4,AMO_AMOCO_G1,PCCRN,4.1,N
03/29/2024,1,4,AMO_AMOCO_G2,PCCRN,4.1,N
03/29/2024,1,4,AMO_AMOCO_G3,PCCRN,4.1,N
03/29/2024,1,4,AMO_AMOCO_S1,PCCRN,4.1,N
03/29/2024,1,4,AMO_AMOCO_S2,PCCRN,4.1,N
03/29/2024,1,4,ANACACHO_ANA,RN,3.19,N
03/29/2024,1,4,ANCHOR_ALL,RN,-5.34,N
03/29/2024,1,4,ANDMDSLR_ALL,RN,-5.46,N
03/29/2024,1,4,ANEM_ESS_RN,RN,-35.73,N
03/29/2024,1,4,ANG_ALL,RN,-6.19,N
03/29/2024,1,4,ANSON1_ALL,RN,-5.49,N
03/29/2024,1,4,APPALOSA_ALL,RN,7.24,N
03/29/2024,1,4,AQUI_ALL,RN,3.07,N
03/29/2024,1,4,ARAGORN_RN,RN,13.13,N
03/29/2024,1,4,ASTRA_RN,RN,-5.27,N
03/29/2024,1,4,ATK_ATKINSG7,RN,3.61,N
03/29/2024,1,4,AURO_SLR_RN,RN,3.42,N
03/29/2024,1,4,AUSTPL_ALL,RN,3.73,N
03/29/2024,1,4,AVIAT_ALL,RN,-6.43,N
03/29/2024,1,4,AZURE_RN,RN,-5.44,N
03/29/2024,1,4,AZ_ALL,RN,4.04,N
03/29/2024,1,4,BAC_RN_ALL,RN,4.1,N
03/29/2024,1,4,BAFFIN_ALL,RN,-9.84,N
03/29/2024,1,4,BAIRDWND_ALL,RN,-5.4,N
03/29/2024,1,4,BAKE_RN_ALL,RN,2.94,N
03/29/2024,1,4,BARROW_ALL,RN,12,N
03/29/2024,1,4,BASTEN_CC1,LCCRN,3.78,N
03/29/2024,1,4,BASTEN_CCU,PCCRN,3.78,N
03/29/2024,1,4,BATCAVE_RN,RN,13.04,N
03/29/2024,1,4,BAYC_BESS_RN,RN,11.67,N
03/29/2024,1,4,BBREEZE_1_2,RN,-9.9,N
03/29/2024,1,4,BCATWD_WD_1,RN,-4.54,N
03/29/2024,1,4,BCH_RN,RN,4.48,N
03/29/2024,1,4,BCK_RN,RN,4.13,N
03/29/2024,1,4,BELM_SLR_RN,RN,3.31,N
03/29/2024,1,4,BIGSTAR_ALL,RN,4.18,N
03/29/2024,1,4,BLACKJAK_RN,RN,-14.94,N
03/29/2024,1,4,BLSMT1_5_A_6,RN,-5.33,N
03/29/2024,1,4,BLUEJAY_RN,RN,3.63,N
03/29/2024,1,4,BOARDCRK_ALL,RN,3.21,N
03/29/2024,1,4,BOCO_ESS_RN,RN,-3.6,N
03/29/2024,1,4,BOOTLEG_UN1,RN,12.5,N
03/29/2024,1,4,BORDAS_345,RN,-35.99,N
03/29/2024,1,4,BOSQUESW_CC1,LCCRN,2.82,N
03/29/2024,1,4,BOSQUESW_CC2,LCCRN,2.97,N
03/29/2024,1,4,BOSQ_BSQSU_5,PCCRN,2.97,N
03/29/2024,1,4,BOSQ_BSQS_12,PCCRN,2.97,N
03/29/2024,1,4,BOSQ_BSQS_34,PCCRN,2.82,N
03/29/2024,1,4,BRANDON_RN,RN,-5.06,N
03/29/2024,1,4,BRAUNIG_CC1,LCCRN,3.06,N
03/29/2024,1,4,BRAUNIG_VHB1,RN,2.28,N
03/29/2024,1,4,BRAUNIG_VHB2,RN,2.28,N
03/29/2024,1,4,BRAUNIG_VHB3,RN,2.28,N
03/29/2024,1,4,BRAZ_WND_ALL,RN,-5.28,N
03/29/2024,1,4,BRA_AVR1_CT2,PCCRN,3.06,N
03/29/2024,1,4,BRA_AVR_CST1,PCCRN,3.06,N
03/29/2024,1,4,BRHEIGHT_RN,RN,4.1,N
03/29/2024,1,4,BRIGHTSD_RN,RN,-9.16,N
03/29/2024,1,4,BRIGHTSD_U1,RN,-8.71,N
03/29/2024,1,4,BRISCOE_WIND,RN,-5.29,N
03/29/2024,1,4,BRPANGLE_RN,RN,4.81,N
03/29/2024,1,4,BRPMAGNO_RN,RN,4.11,N
03/29/2024,1,4,BRP_BRAZ_RN,RN,4.84,N
03/29/2024,1,4,BRP_DIKN_RN,RN,4.11,N
03/29/2024,1,4,BRP_LOOP_RN,RN,32.28,N
03/29/2024,1,4,BRP_LOP1_RN,RN,-27.99,N
03/29/2024,1,4,BRP_PBL1_RN,RN,2.21,N
03/29/2024,1,4,BRP_PBL2_RN,RN,2.21,N
03/29/2024,1,4,BRP_RN_UNIT1,RN,3.06,N
03/29/2024,1,4,BRP_SEMI_RN,RN,4.11,N
03/29/2024,1,4,BRP_SWNY_RN,RN,4.86,N
03/29/2024,1,4,BRP_ZPT1_RN,RN,-27.84,N
03/29/2024,1,4,BRP_ZPT2_RN,RN,-27.84,N
03/29/2024,1,4,BRTSW_BCW1,RN,-0.98,N
03/29/2024,1,4,BR_ARROW_ALL,RN,2.95,N
03/29/2024,1,4,BR_VHB6CT5_6,RN,2.28,N
03/29/2024,1,4,BR_VHB6CT7_8,RN,2.28,N
03/29/2024,1,4,BSS_U1,RN,4.88,N
03/29/2024,1,4,BTE_BTE_G1,PCCRN,4.02,N
03/29/2024,1,4,BTE_BTE_G2,PCCRN,4.02,N
03/29/2024,1,4,BTE_BTE_G3,PCCRN,4.02,N
03/29/2024,1,4,BTE_BTE_G4,PCCRN,4.02,N
03/29/2024,1,4,BTE_CC1,LCCRN,4.02,N
03/29/2024,1,4,BTE_PUN1,PUN,4.02,N
03/29/2024,1,4,BTE_PUN2,PUN,4.02,N
03/29/2024,1,4,BTM_ALL,RN,4.41,N
03/29/2024,1,4,BUCHAN_ALL,RN,2.3,N
03/29/2024,1,4,BUCKTHRN_RN,RN,0.52,N
03/29/2024,1,4,BUFF_GAP_ALL,RN,-5.99,N
03/29/2024,1,4,BULLCRK_1_2,RN,-4.29,N
03/29/2024,1,4,BVE_CC1,LCCRN,4.11,N
03/29/2024,1,4,BVE_UNIT1,PCCRN,4.11,N
03/29/2024,1,4,BVE_UNIT2,PCCRN,4.11,N
03/29/2024,1,4,BVE_UNIT3,PCCRN,4.11,N
03/29/2024,1,4,BYRDR_ES_ALL,RN,4.86,N
03/29/2024,1,4,BYU_BYU_1,RN,4.08,N
03/29/2024,1,4,BYU_BYU_12,PCCRN,4.08,N
03/29/2024,1,4,BYU_BYU_34,PCCRN,4.08,N
03/29/2024,1,4,BYU_BYU_G8,RN,4.08,N
03/29/2024,1,4,BYU_CC1,LCCRN,4.08,N
03/29/2024,1,4,BYU_G4_RN,PCCRN,4.08,N
03/29/2024,1,4,BYU_PUN1,PUN,4.08,N
03/29/2024,1,4,BYU_PUN2,PUN,4.08,N
03/29/2024,1,4,BYU_PUN3,PUN,4.08,N
03/29/2024,1,4,BYU_PUN4,PUN,4.08,N
03/29/2024,1,4,B_DAVIS_3,PCCRN,-7.61,N
03/29/2024,1,4,B_DAVIS_4,PCCRN,-7.61,N
03/29/2024,1,4,B_DAVIS_CC1,LCCRN,-7.61,N
03/29/2024,1,4,B_D_B_DAVIG1,RN,-7.61,N
03/29/2024,1,4,B_D_B_DAVIG2,PCCRN,-7.61,N
03/29/2024,1,4,CABEZON_ALL,RN,-35.85,N
03/29/2024,1,4,CALAVER_JKS1,RN,3.1,N
03/29/2024,1,4,CALAVER_JKS2,RN,3.1,N
03/29/2024,1,4,CALAVER_JTD1,RN,2.52,N
03/29/2024,1,4,CALAVER_JTD2,RN,2.52,N
03/29/2024,1,4,CALAVER_OWS1,RN,2.52,N
03/29/2024,1,4,CALAVER_OWS2,RN,2.52,N
03/29/2024,1,4,CALHOUN_ALL,RN,25.92,N
03/29/2024,1,4,CALLAHA_WND1,RN,-5.26,N
03/29/2024,1,4,CAL_CALGT1,PCCRN,4.05,N
03/29/2024,1,4,CAL_CALSTG1,PCCRN,4.05,N
03/29/2024,1,4,CAL_CC1,LCCRN,4.05,N
03/29/2024,1,4,CAL_PUN1,PUN,4.05,N
03/29/2024,1,4,CAL_PUN2,PUN,4.05,N
03/29/2024,1,4,CAMWIND_RN,RN,-9.85,N
03/29/2024,1,4,CANYONWD_ALL,RN,-5.61,N
03/29/2024,1,4,CAPRIDG4_CR4,RN,-6.43,N
03/29/2024,1,4,CAPRIDGE_ALL,RN,-6.43,N
03/29/2024,1,4,CARBN_BSP_1,RN,-2.04,N
03/29/2024,1,4,CASL_GAP_UN1,RN,11.4,N
03/29/2024,1,4,CATARINA_B1,RN,-4.23,N
03/29/2024,1,4,CBECII_89,PCCRN,4.15,N
03/29/2024,1,4,CBECII_CC3,LCCRN,4.15,N
03/29/2024,1,4,CBECII_CT7,PCCRN,4.15,N
03/29/2024,1,4,CBEC_ALL,PCCRN,6.86,N
03/29/2024,1,4,CBEC_CC1,LCCRN,6.86,N
03/29/2024,1,4,CBEC_CC2,LCCRN,6.86,N
03/29/2024,1,4,CBY4_ALL,PCCRN,4.03,N
03/29/2024,1,4,CBY4_CC1,LCCRN,4.03,N
03/29/2024,1,4,CBY_CBY_G1,RN,4.03,N
03/29/2024,1,4,CBY_CBY_G2,RN,4.03,N
03/29/2024,1,4,CCEC_CC1,LCCRN,-7.16,N
03/29/2024,1,4,CCEC_GT1,PCCRN,-7.16,N
03/29/2024,1,4,CCEC_GT2,PCCRN,-7.16,N
03/29/2024,1,4,CCEC_PUN1,PUN,-7.16,N
03/29/2024,1,4,CCEC_PUN2,PUN,-7.16,N
03/29/2024,1,4,CCEC_ST1,PCCRN,-7.16,N
03/29/2024,1,4,CEDROHI_CHW1,RN,-9.81,N
03/29/2024,1,4,CEDRVALE_RN,RN,13.01,N
03/29/2024,1,4,CFLATS_UNIT,RN,-15.11,N
03/29/2024,1,4,CHALUP_ALL,RN,-9.85,N
03/29/2024,1,4,CHAL_SLR_RN,RN,13.16,N
03/29/2024,1,4,CHAMON_UN1,RN,4.02,N
03/29/2024,1,4,CHAMON_UN2,RN,4.02,N
03/29/2024,1,4,CHEDPW_GT2,PCCRN,4,N
03/29/2024,1,4,CHE_CC1,LCCRN,4.01,N
03/29/2024,1,4,CHE_LYD,PCCRN,4.02,N
03/29/2024,1,4,CHE_LYD2,PCCRN,4.02,N
03/29/2024,1,4,CHE_PUN1,PUN,4.02,N
03/29/2024,1,4,CHE_PUN2,PUN,4.02,N
03/29/2024,1,4,CHISMGRD_RN,RN,2.82,N
03/29/2024,1,4,CISC_RN,RN,-3.22,N
03/29/2024,1,4,CITYVICT_ALL,RN,34.78,N
03/29/2024,1,4,CN_BRKS_UNT1,RN,-5.27,N
03/29/2024,1,4,COL_COLETOG1,RN,-29.32,N
03/29/2024,1,4,CONIGLIO_RN,RN,2.93,N
03/29/2024,1,4,CONTINEN_RN,RN,-9.69,N
03/29/2024,1,4,CORALSLR_ALL,RN,3.2,N
03/29/2024,1,4,CORAZON_RN,RN,-36.06,N
03/29/2024,1,4,COTPLNS_RN,RN,-5.3,N
03/29/2024,1,4,COTTON_PAP2,RN,-4.41,N
03/29/2024,1,4,COYOTSPR_RN,RN,12.99,N
03/29/2024,1,4,CPSES_UNIT1,RN,2.91,N
03/29/2024,1,4,CPSES_UNIT2,RN,2.91,N
03/29/2024,1,4,CRANELL_ALL,RN,-14.94,N
03/29/2024,1,4,CRAWFISH_RN,RN,13.76,N
03/29/2024,1,4,CROSSETT_ALL,RN,11.31,N
03/29/2024,1,4,CRWN_SLR_UN1,RN,3.22,N
03/29/2024,1,4,CSC_CSECG1_2,RN,-5.29,N
03/29/2024,1,4,CVC_CC1,LCCRN,4,N
03/29/2024,1,4,CVC_CVCG1_5,PCCRN,4,N
03/29/2024,1,4,CVC_CVC_G2,PCCRN,4,N
03/29/2024,1,4,CVC_CVC_G3,PCCRN,4,N
03/29/2024,1,4,DAG_ALL,RN,5.34,N
03/29/2024,1,4,DANSBY_ALL,RN,3.6,N
03/29/2024,1,4,DAN_ALL,RN,4.13,N
03/29/2024,1,4,DA_BESS,RN,4.79,N
03/29/2024,1,4,DC2SES_ALL,RN,2.35,N
03/29/2024,1,4,DC_E,LZ_DCEW,2.95,N
03/29/2024,1,4,DC_E,LZ_DC,2.95,N
03/29/2024,1,4,DC_L,LZ_DC,-9.75,N
03/29/2024,1,4,DC_L,LZ_DCEW,-9.75,N
03/29/2024,1,4,DC_N,LZ_DCEW,-5.35,N
03/29/2024,1,4,DC_N,LZ_DC,-5.35,N
03/29/2024,1,4,DC_R,LZ_DCEW,-9.85,N
03/29/2024,1,4,DC_R,LZ_DC,-9.85,N
03/29/2024,1,4,DDPEC_CC1,LCCRN,4.06,N
03/29/2024,1,4,DDPEC_GT1,PCCRN,4.06,N
03/29/2024,1,4,DDPEC_GT2,PCCRN,4.06,N
03/29/2024,1,4,DDPEC_GT3,PCCRN,4.06,N
03/29/2024,1,4,DDPEC_GT4,PCCRN,4.06,N
03/29/2024,1,4,DDPEC_GT6,PCCRN,4.06,N
03/29/2024,1,4,DDPEC_ST1,PCCRN,4.06,N
03/29/2024,1,4,DECKER_DPG2,RN,3.73,N
03/29/2024,1,4,DECKER_GT,RN,3.73,N
03/29/2024,1,4,DENISON_G1_2,RN,2.86,N
03/29/2024,1,4,DERMOTT_ALL,RN,-5.47,N
03/29/2024,1,4,DIBOL_RN,RN,3.18,N
03/29/2024,1,4,DIB_CC1,LCCRN,4.06,N
03/29/2024,1,4,DIB_DIB_G1,PCCRN,4.06,N
03/29/2024,1,4,DIB_DIB_G2,PCCRN,4.06,N
03/29/2024,1,4,DIB_DIB_G3,PCCRN,4.06,N
03/29/2024,1,4,DIB_DIB_G4,PCCRN,4.06,N
03/29/2024,1,4,DIB_PUN1,PUN,4.06,N
03/29/2024,1,4,DIB_PUN2,PUN,4.06,N
03/29/2024,1,4,DILEOS_UNIT1,RN,2.53,N
03/29/2024,1,4,DKNS_ESS_RN,RN,-5.35,N
03/29/2024,1,4,DOWGEN_PUN1,PUN,4.22,N
03/29/2024,1,4,DOWGEN_PUN2,PUN,4.22,N
03/29/2024,1,4,DOWGEN_PUN3,PUN,4.22,N
03/29/2024,1,4,DOW_61_2_63,RN,4.22,N
03/29/2024,1,4,DOW_64,RN,4.22,N
03/29/2024,1,4,DOW_81_2_84,RN,4.22,N
03/29/2024,1,4,DOW_G37_G35,RN,4.22,N
03/29/2024,1,4,DOW_G66_ST65,RN,4.22,N
03/29/2024,1,4,DOW_G67,RN,4.22,N
03/29/2024,1,4,DOW_G96_ST95,RN,4.22,N
03/29/2024,1,4,DRYFRIO_RN,RN,0.56,N
03/29/2024,1,4,DUKE_CC1,LCCRN,-9.83,N
03/29/2024,1,4,DUKE_GST1CCU,PCCRN,-9.83,N
03/29/2024,1,4,DUKE_GT2_CCU,PCCRN,-9.83,N
03/29/2024,1,4,DUP_PUN1,PUN,32.66,N
03/29/2024,1,4,DUP_PUN2,PUN,32.66,N
03/29/2024,1,4,DUP_PUN3,PUN,32.66,N
03/29/2024,1,4,DUP_PUN4,PUN,32.66,N
03/29/2024,1,4,EBELLS_UNIT1,RN,3.43,N
03/29/2024,1,4,EBNY_ESS_RN,RN,3.01,N
03/29/2024,1,4,ECLIPSE_UN1,RN,4.74,N
03/29/2024,1,4,EIFSLR_UNIT1,RN,2.94,N
03/29/2024,1,4,ELB_ELBCREEK,RN,-31.58,N
03/29/2024,1,4,ELECTRAW_1_2,RN,-5.34,N
03/29/2024,1,4,ELSAUZ_ALL,RN,-9.9,N
03/29/2024,1,4,ELSA_ESR_RN,RN,-9.84,N
03/29/2024,1,4,ELS_RN_1,RN,2.94,N
03/29/2024,1,4,EL_RAYO_ALL,RN,-9.92,N
03/29/2024,1,4,ENDPARK_ESS1,RN,-5.39,N
03/29/2024,1,4,ERSL_RN,RN,-5.14,N
03/29/2024,1,4,ESTONIAN_ALL,RN,2.95,N
03/29/2024,1,4,ETCCS_CC1,LCCRN,3.01,N
03/29/2024,1,4,ETCCS_CCU,PCCRN,3.01,N
03/29/2024,1,4,EUNICE_ALL,RN,11.14,N
03/29/2024,1,4,EXGNSND_RN,RN,-27.84,N
03/29/2024,1,4,EXGNWTL_1,RN,-9.81,N
03/29/2024,1,4,EXN_14,RN,4.04,N
03/29/2024,1,4,EXN_1_3,RN,4.04,N
03/29/2024,1,4,EXN_4,RN,4.04,N
03/29/2024,1,4,EXN_8,RN,4.04,N
03/29/2024,1,4,EXN_9_13,RN,4.04,N
03/29/2024,1,4,EXN_PUN1,PUN,4.04,N
03/29/2024,1,4,EXN_PUN2,PUN,4.04,N
03/29/2024,1,4,EXN_PUN3,PUN,4.04,N
03/29/2024,1,4,E_BLACK_RN,RN,3.58,N
03/29/2024,1,4,FALFUR_RN,RN,-8.98,N
03/29/2024,1,4,FAL_FALCONG1,RN,-28.08,N
03/29/2024,1,4,FAL_FALCONG2,RN,-28.08,N
03/29/2024,1,4,FAL_FALCONG3,RN,-28.08,N
03/29/2024,1,4,FAULKNER_RN,RN,12.99,N
03/29/2024,1,4,FEGC_RN,RN,4.17,N
03/29/2024,1,4,FENCESLR_ALL,RN,3.1,N
03/29/2024,1,4,FERGCC_CC1,LCCRN,7.41,N
03/29/2024,1,4,FERGCC_GT1_1,PCCRN,7.41,N
03/29/2024,1,4,FERGCC_GT2_3,PCCRN,7.41,N
03/29/2024,1,4,FERGCC_ST1_5,PCCRN,7.41,N
03/29/2024,1,4,FERMI_ALL,RN,-25,N
03/29/2024,1,4,FILESSLR_PV1,RN,3.03,N
03/29/2024,1,4,FIVEWSLR_ALL,RN,3.39,N
03/29/2024,1,4,FLCNS_CC1,LCCRN,-0.19,N
03/29/2024,1,4,FLCNS_UNIT1,PCCRN,-0.19,N
03/29/2024,1,4,FLCNS_UNIT2,PCCRN,-0.19,N
03/29/2024,1,4,FLCNS_UNIT3,PCCRN,-0.19,N
03/29/2024,1,4,FLOWERII_RN,RN,12.79,N
03/29/2024,1,4,FLTBES1,RN,12.79,N
03/29/2024,1,4,FLTCK_SSI,RN,-1.1,N
03/29/2024,1,4,FLUVANNA_1_2,RN,-5.39,N
03/29/2024,1,4,FLVABES1_ESR,RN,12.79,N
03/29/2024,1,4,FOARDCTY_ALL,RN,-5.34,N
03/29/2024,1,4,FORMOSA_CC1,LCCRN,25.53,N
03/29/2024,1,4,FORMOSA_CC2,LCCRN,25.53,N
03/29/2024,1,4,FORMOSA_PUN1,PUN,25.53,N
03/29/2024,1,4,FORMOSA_PUN2,PUN,25.53,N
03/29/2024,1,4,FOXTROT_ALL,RN,-13.72,N
03/29/2024,1,4,FO_FORMOSA11,RN,25.53,N
03/29/2024,1,4,FO_FORMOSA12,RN,25.53,N
03/29/2024,1,4,FO_FORMOSG1,PCCRN,25.53,N
03/29/2024,1,4,FO_FORMOSG10,PCCRN,25.53,N
03/29/2024,1,4,FO_FORMOSG13,PCCRN,25.53,N
03/29/2024,1,4,FO_FORMOSG14,PCCRN,25.53,N
03/29/2024,1,4,FO_FORMOSG15,PCCRN,25.53,N
03/29/2024,1,4,FO_FORMOSG2,PCCRN,25.53,N
03/29/2024,1,4,FO_FORMOSG3,PCCRN,25.53,N
03/29/2024,1,4,FO_FORMOSG4,PCCRN,25.53,N
03/29/2024,1,4,FO_FORMOSG5,PCCRN,25.53,N
03/29/2024,1,4,FO_FORMOSG6,PCCRN,25.53,N
03/29/2024,1,4,FO_FORMOSG7,PCCRN,25.53,N
03/29/2024,1,4,FO_FORMOSG8,RN,25.53,N
03/29/2024,1,4,FO_FORMOSG9,PCCRN,25.53,N
03/29/2024,1,4,FPPYD_FPP_G1,RN,4.19,N
03/29/2024,1,4,FPPYD_FPP_G2,RN,4.19,N
03/29/2024,1,4,FPPYD_FPP_G3,RN,4.19,N
03/29/2024,1,4,FREC_1_CCU,PCCRN,3.21,N
03/29/2024,1,4,FREC_2_CCU,PCCRN,3.28,N
03/29/2024,1,4,FREC_CC1,LCCRN,3.21,N
03/29/2024,1,4,FREC_CC2,LCCRN,3.28,N
03/29/2024,1,4,FRMRSVLW_RN,RN,2.95,N
03/29/2024,1,4,FRNYPP_1_CCU,PCCRN,3,N
03/29/2024,1,4,FRNYPP_2_CCU,PCCRN,3,N
03/29/2024,1,4,FRNYPP_CC1,LCCRN,3,N
03/29/2024,1,4,FRNYPP_CC2,LCCRN,3,N
03/29/2024,1,4,FRONT_EC_CC1,LCCRN,-9.82,N
03/29/2024,1,4,FRONT_EC_RN1,PCCRN,-9.82,N
03/29/2024,1,4,FRONT_EC_RN2,PCCRN,-9.82,N
03/29/2024,1,4,FRONT_EC_RN3,PCCRN,-9.82,N
03/29/2024,1,4,FRYE_SLR_ALL,RN,-5.28,N
03/29/2024,1,4,FTR_CC1,LCCRN,3.74,N
03/29/2024,1,4,FTR_FTR_G1_4,PCCRN,3.74,N
03/29/2024,1,4,FTWIND_UNIT1,RN,-5.14,N
03/29/2024,1,4,FWLR_SLR_1,RN,11.29,N
03/29/2024,1,4,GALO_RN1,RN,-5.93,N
03/29/2024,1,4,GAMBIT_RN,RN,4.81,N
03/29/2024,1,4,GARC_BESS_RN,RN,-9.67,N
03/29/2024,1,4,GBY_GT,RN,4.04,N
03/29/2024,1,4,GID_GIDEONG1,RN,4.11,N
03/29/2024,1,4,GID_GIDEONG2,RN,4.11,N
03/29/2024,1,4,GID_GIDEONG3,RN,4.11,N
03/29/2024,1,4,GIGA_ESS_RN,RN,3.48,N
03/29/2024,1,4,GOA_GOATWIND,RN,-6.52,N
03/29/2024,1,4,GOLINDA_UN1,RN,3.22,N
03/29/2024,1,4,GOMZ_RN,RN,12.19,N
03/29/2024,1,4,GOODNIT1_ALL,RN,-5.29,N
03/29/2024,1,4,GPASTURE_ALL,RN,-5.51,N
03/29/2024,1,4,GRANDVW1_A_B,RN,-5.29,N
03/29/2024,1,4,GRDNE_ESR_RN,RN,0.9,N
03/29/2024,1,4,GREASWOD_ALL,RN,12.49,N
03/29/2024,1,4,GREGORY_RN,RN,-1.48,N
03/29/2024,1,4,GRIF_TRL_RN,RN,-5.44,N
03/29/2024,1,4,GRSES_UNIT1,RN,-4.48,N
03/29/2024,1,4,GRSES_UNIT2,RN,-5.41,N
03/29/2024,1,4,GUADG_CC1,LCCRN,3.42,N
03/29/2024,1,4,GUADG_CC2,LCCRN,3.42,N
03/29/2024,1,4,GUADG_CCU1,PCCRN,3.42,N
03/29/2024,1,4,GUADG_CCU2,PCCRN,3.42,N
03/29/2024,1,4,GUNMTN_NODE,RN,-1.08,N
03/29/2024,1,4,GWEC_G1,RN,-0.62,N
03/29/2024,1,4,HALO_RN1,RN,3.41,N
03/29/2024,1,4,HAMI_BESS_RN,RN,9.12,N
03/29/2024,1,4,HAYSEN1_2,RN,3.54,N
03/29/2024,1,4,HAYSEN3_4,RN,3.54,N
03/29/2024,1,4,HB_BUSAVG,SH,1.91,N
03/29/2024,1,4,HB_HOUSTON,HU,4.03,N
03/29/2024,1,4,HB_HUBAVG,AH,1.39,N
03/29/2024,1,4,HB_NORTH,HU,2.93,N
03/29/2024,1,4,HB_PAN,HU,-5.29,N
03/29/2024,1,4,HB_SOUTH,HU,-0.31,N
03/29/2024,1,4,HB_WEST,HU,-1.08,N
03/29/2024,1,4,HELIOS_RN,RN,-0.63,N
03/29/2024,1,4,HHGT_KENDAL,RN,3.55,N
03/29/2024,1,4,HHOLLW2_WND1,RN,-5.99,N
03/29/2024,1,4,HHOLLW3_WND1,RN,-5.99,N
03/29/2024,1,4,HHOLLW4_WND1,RN,-5.99,N
03/29/2024,1,4,HICK_G1_G2,RN,-31.63,N
03/29/2024,1,4,HI_LONEB_RN1,RN,-31.61,N
03/29/2024,1,4,HI_LONE_ALL,RN,-31.61,N
03/29/2024,1,4,HLSES_UNIT3,RN,2.9,N
03/29/2024,1,4,HLSES_UNIT4,RN,2.9,N
03/29/2024,1,4,HLSES_UNIT5,RN,2.9,N
03/29/2024,1,4,HMNG_ESS_RN,RN,2.91,N
03/29/2024,1,4,HOLCOMB_RN1,RN,-8.34,N
03/29/2024,1,4,HOLSTEIN_ALL,RN,-6.03,N
03/29/2024,1,4,HOL_ALL,RN,4.14,N
03/29/2024,1,4,HOPKNSLR_ALL,RN,2.95,N
03/29/2024,1,4,HORSCR_RN,RN,11.36,N
03/29/2024,1,4,HORSECRK_RN,RN,-5.44,N
03/29/2024,1,4,HOUSEMTN_RN,RN,12.38,N
03/29/2024,1,4,HOVEY_GEN,RN,12.63,N
03/29/2024,1,4,HRBESS_BESS,RN,12.6,N
03/29/2024,1,4,HRFDWIND_ALL,RN,-5.27,N
03/29/2024,1,4,HRZN_SLR_UN1,RN,-4.55,N
03/29/2024,1,4,HWF_HWFG1,RN,-5.72,N
03/29/2024,1,4,HYDR_ESS_RN,RN,10.72,N
03/29/2024,1,4,H_HOLLO_WND1,RN,-5.99,N
03/29/2024,1,4,IMP_RN1,RN,2.94,N
03/29/2024,1,4,INDNENR_1_RN,RN,9.8,N
03/29/2024,1,4,INDNENR_2_RN,RN,10.7,N
03/29/2024,1,4,INDNNWP_RN,RN,10.25,N
03/29/2024,1,4,IND_INADALE1,RN,-5.99,N
03/29/2024,1,4,INGLCOSW_CC1,LCCRN,-2.66,N
03/29/2024,1,4,INGLCOSW_STG,PCCRN,-2.66,N
03/29/2024,1,4,INGLCOS_CTG1,PCCRN,-2.66,N
03/29/2024,1,4,INGLCOS_CTG2,PCCRN,-2.66,N
03/29/2024,1,4,INGLCO_PUN1,PUN,-2.66,N
03/29/2024,1,4,INGLCO_PUN2,PUN,-2.66,N
03/29/2024,1,4,INGLCO_PUN3,PUN,-2.66,N
03/29/2024,1,4,INKS_INKS_G1,RN,2.3,N
03/29/2024,1,4,INRT_W_ALL,RN,-5.44,N
03/29/2024,1,4,JACKCNTY_CC1,LCCRN,1.56,N
03/29/2024,1,4,JACKCNTY_CT1,PCCRN,1.56,N
03/29/2024,1,4,JACKCNTY_CT2,PCCRN,1.56,N
03/29/2024,1,4,JACKCNTY_STG,PCCRN,1.56,N
03/29/2024,1,4,JADE_SLR_ALL,RN,-5.47,N
03/29/2024,1,4,JAD_RN,RN,4.02,N
03/29/2024,1,4,JAY_RN_1,RN,4.1,N
03/29/2024,1,4,JCKCNTY2_CC1,LCCRN,2.92,N
03/29/2024,1,4,JCKCNTY2_CT3,PCCRN,2.92,N
03/29/2024,1,4,JCKCNTY2_CT4,PCCRN,2.92,N
03/29/2024,1,4,JCKCNTY2_ST2,PCCRN,2.92,N
03/29/2024,1,4,JC_BAT_RN,RN,5.87,N
03/29/2024,1,4,JDKNS_RN,RN,13.99,N
03/29/2024,1,4,JUNCTION_RN,RN,0.84,N
03/29/2024,1,4,JUNO_ALL,RN,-4.67,N
03/29/2024,1,4,KARAKAW1_1,RN,-11.58,N
03/29/2024,1,4,KARAKAW2_1,RN,-11.58,N
03/29/2024,1,4,KEECHI_U1,RN,1.56,N
03/29/2024,1,4,KELAMSL_U1,RN,3.13,N
03/29/2024,1,4,KEO_KEO_SM1,RN,11.37,N
03/29/2024,1,4,KINGE_ALL,RN,11.55,N
03/29/2024,1,4,KINGW_ALL,RN,11.42,N
03/29/2024,1,4,KMCHI_CC1,LCCRN,2.93,N
03/29/2024,1,4,KMCHI_CC2,LCCRN,2.93,N
03/29/2024,1,4,LACY_CRK_ALL,RN,-22.37,N
03/29/2024,1,4,LAMESASLR_G,RN,0.61,N
03/29/2024,1,4,LAPETUS_U1,RN,12.32,N
03/29/2024,1,4,LARDVFTN_G4,RN,-9.75,N
03/29/2024,1,4,LARDVFTN_G5,RN,-9.75,N
03/29/2024,1,4,LASSO_GEN,RN,12.38,N
03/29/2024,1,4,LBRA_BES1,RN,3.41,N
03/29/2024,1,4,LEG_LEG_G1,RN,3.43,N
03/29/2024,1,4,LEG_LEG_G2,RN,3.43,N
03/29/2024,1,4,LEONLCPCT1_2,RN,2.04,N
03/29/2024,1,4,LEONLCPCT3_4,RN,2.04,N
03/29/2024,1,4,LFSTH_RN,RN,3.18,N
03/29/2024,1,4,LGDRAW_S_ALL,RN,-4.67,N
03/29/2024,1,4,LGD_LANGFORD,RN,-7.75,N
03/29/2024,1,4,LGE_CC1,LCCRN,-2.66,N
03/29/2024,1,4,LGE_LGE_GT1,PCCRN,-2.66,N
03/29/2024,1,4,LGE_LGE_GT2,PCCRN,-2.66,N
03/29/2024,1,4,LGE_LGE_STG,PCCRN,-2.66,N
03/29/2024,1,4,LGE_PUN1,RN,-2.66,N
03/29/2024,1,4,LGE_PUN2,RN,-2.66,N
03/29/2024,1,4,LGW_UNIT_ALL,RN,-3.45,N
03/29/2024,1,4,LHM_CVC_G4,RN,4.02,N
03/29/2024,1,4,LHM_PUN1,PUN,4.02,N
03/29/2024,1,4,LHM_PUN2,PUN,4.02,N
03/29/2024,1,4,LHORN_N_U1_2,RN,-5.29,N
03/29/2024,1,4,LHSES_UNIT1,RN,2.98,N
03/29/2024,1,4,LHSES_UNIT2,RN,2.98,N
03/29/2024,1,4,LIG_RN,RN,4.02,N
03/29/2024,1,4,LILY_RN,RN,3.02,N
03/29/2024,1,4,LMAJADAS_ALL,RN,-9.88,N
03/29/2024,1,4,LMO_ESR_RN,RN,3.71,N
03/29/2024,1,4,LNCRK_ALL,RN,-5.81,N
03/29/2024,1,4,LONESTAR_RN,RN,13,N
03/29/2024,1,4,LONEWOLF_ALL,RN,-6.74,N
03/29/2024,1,4,LON_RN1,RN,4.4,N
03/29/2024,1,4,LOSTPI_CC1,LCCRN,4.02,N
03/29/2024,1,4,LOS_LOSTPGT1,PCCRN,4.02,N
03/29/2024,1,4,LOS_LOSTPGT2,PCCRN,4.02,N
03/29/2024,1,4,LOS_LOSTPST1,PCCRN,4.02,N
03/29/2024,1,4,LPCCS_CC1,LCCRN,2.94,N
03/29/2024,1,4,LPCCS_CC2,LCCRN,2.94,N
03/29/2024,1,4,LPCCS_CT11,PCCRN,2.94,N
03/29/2024,1,4,LPCCS_CT12,PCCRN,2.94,N
03/29/2024,1,4,LPCCS_CT21,PCCRN,2.94,N
03/29/2024,1,4,LPCCS_CT22,PCCRN,2.94,N
03/29/2024,1,4,LPCCS_UNIT1,PCCRN,2.94,N
03/29/2024,1,4,LPCCS_UNIT2,PCCRN,2.94,N
03/29/2024,1,4,LV1A_LV1B,RN,-9.85,N
03/29/2024,1,4,LV3_RN,RN,-35.76,N
03/29/2024,1,4,LV3_UNIT1,RN,-35.78,N
03/29/2024,1,4,LV4_UNIT_1,RN,-35.78,N
03/29/2024,1,4,LV5_UNIT1,RN,-9.73,N
03/29/2024,1,4,LZ_AEN,LZEW,3.71,N
03/29/2024,1,4,LZ_AEN,LZ,3.72,N
03/29/2024,1,4,LZ_CPS,LZ,2.7,N
03/29/2024,1,4,LZ_CPS,LZEW,2.69,N
03/29/2024,1,4,LZ_HOUSTON,LZ,4.11,N
03/29/2024,1,4,LZ_HOUSTON,LZEW,4.11,N
03/29/2024,1,4,LZ_LCRA,LZEW,4.12,N
03/29/2024,1,4,LZ_LCRA,LZ,4.13,N
03/29/2024,1,4,LZ_NORTH,LZ,2.85,N
03/29/2024,1,4,LZ_NORTH,LZEW,2.84,N
03/29/2024,1,4,LZ_RAYBN,LZEW,2.96,N
03/29/2024,1,4,LZ_RAYBN,LZ,2.97,N
03/29/2024,1,4,LZ_SOUTH,LZEW,-0.98,N
03/29/2024,1,4,LZ_SOUTH,LZ,-0.98,N
03/29/2024,1,4,LZ_WEST,LZEW,6.34,N
03/29/2024,1,4,LZ_WEST,LZ,6.34,N
03/29/2024,1,4,L_FRE_ESR_RN,RN,-9.85,N
03/29/2024,1,4,MADERO_RN,RN,-9.85,N
03/29/2024,1,4,MAINLAND_RN,RN,4.11,N
03/29/2024,1,4,MAND_SLR_RN,RN,3.42,N
03/29/2024,1,4,MARBFA,RN,5.18,N
03/29/2024,1,4,MARIAH_ALL,RN,-5.27,N
03/29/2024,1,4,MAR_MARSFOG1,RN,3.66,N
03/29/2024,1,4,MAR_MARSFOG2,RN,3.66,N
03/29/2024,1,4,MAR_MARSFOG3,RN,3.66,N
03/29/2024,1,4,MASSENGL_CC1,LCCRN,-5.08,N
03/29/2024,1,4,MASSENGL_G6,PCCRN,-5.06,N
03/29/2024,1,4,MASSENGL_G7,PCCRN,-5.06,N
03/29/2024,1,4,MASSENGL_G8,PCCRN,-5.08,N
03/29/2024,1,4,MAVCRK_W_ALL,RN,-5.93,N
03/29/2024,1,4,MCDLD_FCSBW1,RN,-2.41,N
03/29/2024,1,4,MCLNSLR_RN,RN,-3.59,N
03/29/2024,1,4,MCSES_UNIT6,RN,2.97,N
03/29/2024,1,4,MCSES_UNIT7,RN,2.97,N
03/29/2024,1,4,MCSES_UNIT8,RN,2.97,N
03/29/2024,1,4,MDANP_CT1_2,RN,3,N
03/29/2024,1,4,MDANP_CT3_4,RN,2.97,N
03/29/2024,1,4,MDANP_CT5_6,RN,2.97,N
03/29/2024,1,4,MERCURY_ALL,RN,3.07,N
03/29/2024,1,4,MESQCRK_ALL,RN,-4.67,N
03/29/2024,1,4,MESTENO_RN,RN,-35.78,N
03/29/2024,1,4,MGSES_CT123,RN,-5.77,N
03/29/2024,1,4,MGSES_CT456,RN,-5.77,N
03/29/2024,1,4,MIAM1_G1_G2,RN,-5.3,N
03/29/2024,1,4,MIDWY_RN,RN,13.07,N
03/29/2024,1,4,MIL_MILG1_2,RN,0.89,N
03/29/2024,1,4,MIL_MILG345,RN,0.89,N
03/29/2024,1,4,MIRAGE_G1,RN,4.08,N
03/29/2024,1,4,MIRASOLE_GEN,RN,-35.73,N
03/29/2024,1,4,MISAE_GEN_RN,RN,-5.32,N
03/29/2024,1,4,MLSES_UNIT1,RN,3.13,N
03/29/2024,1,4,MLSES_UNIT2,RN,3.13,N
03/29/2024,1,4,MLSES_UNIT3,RN,3.13,N
03/29/2024,1,4,MNWL_BESS_RN,RN,0.87,N
03/29/2024,1,4,MONT_WND_RN,RN,-5.34,N
03/29/2024,1,4,MOORE_FL_RN,RN,-9.83,N
03/29/2024,1,4,MOZART_WIND1,RN,-5.14,N
03/29/2024,1,4,MUSTNGCK_ALL,RN,16.98,N
03/29/2024,1,4,MV_VALV4_RN,RN,-9.84,N
03/29/2024,1,4,MWEC_G1,RN,-5.19,N
03/29/2024,1,4,MYRY_ESR_RN,RN,-9.84,N
03/29/2024,1,4,MYR_ALL,RN,4.48,N
03/29/2024,1,4,NACPW_UNIT1,RN,3.16,N
03/29/2024,1,4,NBOHR_RN,RN,-23.23,N
03/29/2024,1,4,NCARBIDEG8,RN,25.39,N
03/29/2024,1,4,NCARBIDE_1_7,RN,25.39,N
03/29/2024,1,4,NCARBID_PUN1,PUN,25.39,N
03/29/2024,1,4,NCARBID_PUN2,PUN,25.39,N
03/29/2024,1,4,NCO_RN,RN,4.89,N
03/29/2024,1,4,NEBULA_RN,RN,-9.85,N
03/29/2024,1,4,NEDIN_CC1,LCCRN,-9.83,N
03/29/2024,1,4,NED_NEDIN_G1,PCCRN,-9.83,N
03/29/2024,1,4,NED_NEDIN_G2,PCCRN,-9.83,N
03/29/2024,1,4,NED_NEDIN_G3,PCCRN,-9.83,N
03/29/2024,1,4,NF_BRP_RN,RN,3.02,N
03/29/2024,1,4,NOBLESLR_ALL,RN,2.91,N
03/29/2024,1,4,NOVA1SLR_ALL,RN,-5.41,N
03/29/2024,1,4,NOVA2S_UNIT1,RN,-5.41,N
03/29/2024,1,4,NUECES_B_CC1,LCCRN,-7.09,N
03/29/2024,1,4,NUE_NUECESG7,PCCRN,-7.15,N
03/29/2024,1,4,NUE_NUECESG8,PCCRN,-7.09,N
03/29/2024,1,4,NUE_NUECESG9,PCCRN,-7.09,N
03/29/2024,1,4,NWF_NWF1,RN,12.07,N
03/29/2024,1,4,N_AL_BESS_RN,RN,-9.84,N
03/29/2024,1,4,N_MRD_ESR_RN,RN,-9.83,N
03/29/2024,1,4,OBERON_U1,RN,13.35,N
03/29/2024,1,4,ODESW_RN,RN,13.74,N
03/29/2024,1,4,OECCS_1,PCCRN,14.75,N
03/29/2024,1,4,OECCS_2,PCCRN,14.75,N
03/29/2024,1,4,OECCS_CC1,LCCRN,14.75,N
03/29/2024,1,4,OECCS_CC2,LCCRN,14.75,N
03/29/2024,1,4,OGSES_1,RN,3.48,N
03/29/2024,1,4,OGSES_2,RN,3.48,N
03/29/2024,1,4,OLIN_OLING_1,RN,2.97,N
03/29/2024,1,4,OLIN_OLING_2,RN,2.97,N
03/29/2024,1,4,OLIN_OLING_3,RN,2.97,N
03/29/2024,1,4,OLIN_OLING_4,RN,2.97,N
03/29/2024,1,4,OLNEYTN_RN,RN,-3.87,N
03/29/2024,1,4,OR_BESS_RN,RN,5.15,N
03/29/2024,1,4,OWF_OWF,RN,-6.71,N
03/29/2024,1,4,OXY_OXY_CCG1,RN,-7.52,N
03/29/2024,1,4,OXY_PUN1,PUN,-7.52,N
03/29/2024,1,4,OXY_PUN2,PUN,-7.52,N
03/29/2024,1,4,PALACIOS_RN,RN,11.71,N
03/29/2024,1,4,PALE_ESS_EN,RN,-5.15,N
03/29/2024,1,4,PALMWI_UNIT1,RN,-9.85,N
03/29/2024,1,4,PANDA_S_CC1,LCCRN,2.83,N
03/29/2024,1,4,PANDA_S_CT1,PCCRN,2.83,N
03/29/2024,1,4,PANDA_S_CT2,PCCRN,2.83,N
03/29/2024,1,4,PANDA_S_ST1,PCCRN,2.83,N
03/29/2024,1,4,PANDA_T1_CC1,LCCRN,3.34,N
03/29/2024,1,4,PANDA_T1_CT1,PCCRN,3.34,N
03/29/2024,1,4,PANDA_T1_CT2,PCCRN,3.34,N
03/29/2024,1,4,PANDA_T1_ST1,PCCRN,3.34,N
03/29/2024,1,4,PANDA_T2_CC1,LCCRN,3.34,N
03/29/2024,1,4,PANDA_T2_CT1,PCCRN,3.34,N
03/29/2024,1,4,PANDA_T2_CT2,PCCRN,3.34,N
03/29/2024,1,4,PANDA_T2_ST1,PCCRN,3.34,N
03/29/2024,1,4,PAP1_PAP1,RN,-4.41,N
03/29/2024,1,4,PAULN_RN,RN,3.12,N
03/29/2024,1,4,PAVLOV_BT_RN,RN,11.53,N
03/29/2024,1,4,PAVO_ESS_ALL,RN,11.37,N
03/29/2024,1,4,PB2SES_CT1,RN,13.3,N
03/29/2024,1,4,PB2SES_CT2,RN,13.3,N
03/29/2024,1,4,PB2SES_CT3,RN,13.3,N
03/29/2024,1,4,PB2SES_CT4,RN,13.3,N
03/29/2024,1,4,PB2SES_CT5,RN,13.3,N
03/29/2024,1,4,PC_NORTH_1,RN,-31.58,N
03/29/2024,1,4,PC_SOUTH_ALL,RN,-31.58,N
03/29/2024,1,4,PEARSA_1_24,RN,-4.55,N
03/29/2024,1,4,PENA_ALL,RN,-9.84,N
03/29/2024,1,4,PES1_RN,RN,4.17,N
03/29/2024,1,4,PEY_RN,RN,4.14,N
03/29/2024,1,4,PH1_UNIT1_2,RN,-5.29,N
03/29/2024,1,4,PH2_U1_U2,RN,-5.29,N
03/29/2024,1,4,PHILLWND_ALL,RN,3.14,N
03/29/2024,1,4,PHOEBE_ALL,RN,13.05,N
03/29/2024,1,4,PHOENIX_RN,RN,2.93,N
03/29/2024,1,4,PHO_ALL,RN,4.16,N
03/29/2024,1,4,PIONR_DJ_RN,RN,9.2,N
03/29/2024,1,4,PISG_RN_ALL,RN,3.21,N
03/29/2024,1,4,PITSDD_UNIT1,RN,2.93,N
03/29/2024,1,4,PLN_ALL,RN,4.13,N
03/29/2024,1,4,PNPI_GT2_RN,RN,4.29,N
03/29/2024,1,4,PORTSL_UNIT1,RN,-5.45,N
03/29/2024,1,4,POTSVIL_RN,RN,-0.55,N
03/29/2024,1,4,PRID_RN,RN,-5.45,N
03/29/2024,1,4,PROSPERO_ALL,RN,11.41,N
03/29/2024,1,4,PRO_RN,RN,4.17,N
03/29/2024,1,4,PRSPERO2_ALL,RN,11.41,N
03/29/2024,1,4,PR_PR_ALL,RN,4.05,N
03/29/2024,1,4,PR_PR_G2,RN,4.05,N
03/29/2024,1,4,PSA_CC1,LCCRN,4.03,N
03/29/2024,1,4,PSA_PSA_G1,PCCRN,4.03,N
03/29/2024,1,4,PSA_PSA_G2,PCCRN,4.03,N
03/29/2024,1,4,PSA_PSA_G3,PCCRN,4.03,N
03/29/2024,1,4,PSA_PSA_G4,PCCRN,4.03,N
03/29/2024,1,4,PSA_PSA_G5,PCCRN,4.02,N
03/29/2024,1,4,PSA_PSA_G6,PCCRN,4.03,N
03/29/2024,1,4,PSA_PSA_G7,PCCRN,4.03,N
03/29/2024,1,4,PSA_PUN1,PUN,4.02,N
03/29/2024,1,4,PSA_PUN2,PUN,4.02,N
03/29/2024,1,4,PSA_PUN3,PUN,4.03,N
03/29/2024,1,4,PSA_PUN4,PUN,4.03,N
03/29/2024,1,4,PSA_PUN5,PUN,4.02,N
03/29/2024,1,4,PSG_CC1,LCCRN,4.05,N
03/29/2024,1,4,PSG_PSG_GT2,PCCRN,4.05,N
03/29/2024,1,4,PSG_PSG_GT3,PCCRN,4.05,N
03/29/2024,1,4,PSG_PSG_ST1,PCCRN,4.05,N
03/29/2024,1,4,PTLBES_BESS1,RN,25.2,N
03/29/2024,1,4,PYR_PYRON1,RN,-5.99,N
03/29/2024,1,4,QALSW_ALL,PCCRN,14.93,N
03/29/2024,1,4,QALSW_CC1,LCCRN,14.93,N
03/29/2024,1,4,QALSW_CC2,LCCRN,14.93,N
03/29/2024,1,4,QUEEN_BA_RN,RN,12.9,N
03/29/2024,1,4,QUEEN_SL_RN,RN,12.9,N
03/29/2024,1,4,RAB_G1-8,RN,4.11,N
03/29/2024,1,4,RADN_SLR_ALL,RN,-5.65,N
03/29/2024,1,4,RAMBLER_UNIT,RN,-6.19,N
03/29/2024,1,4,RANCHERO_ALL,RN,-31.62,N
03/29/2024,1,4,RAT_RN_1,RN,-7.71,N
03/29/2024,1,4,RAYBURN_CC1,LCCRN,28.95,N
03/29/2024,1,4,RAYB_G78910,PCCRN,28.95,N
03/29/2024,1,4,RBN_BESS1,RN,4.56,N
03/29/2024,1,4,RDCAN_RDCNY1,RN,-5.27,N
03/29/2024,1,4,REDBARN_RN,RN,12.5,N
03/29/2024,1,4,REDFISH_ALL,RN,-9.67,N
03/29/2024,1,4,REDGATE_ALL,RN,-9.73,N
03/29/2024,1,4,REDGATE_RN,RN,-9.73,N
03/29/2024,1,4,RELOJ_ALL,RN,-35.95,N
03/29/2024,1,4,REROCK_ALL,RN,12.63,N
03/29/2024,1,4,RHESS2_ESS1,RN,3.33,N
03/29/2024,1,4,RIGGIN_UNIT1,RN,12.05,N
03/29/2024,1,4,RIOG_ESR_RN,RN,-9.7,N
03/29/2024,1,4,RIONOG_CC1,LCCRN,3.45,N
03/29/2024,1,4,RIONOG_CT1,PCCRN,3.45,N
03/29/2024,1,4,RIONOG_CT2,PCCRN,3.45,N
03/29/2024,1,4,RIONOG_CT3,PCCRN,3.45,N
03/29/2024,1,4,RIONOG_ST1,PCCRN,3.45,N
03/29/2024,1,4,RIPPEY_ALL,RN,2.35,N
03/29/2024,1,4,RN_APOGEE,RN,-5.63,N
03/29/2024,1,4,RN_BYU_G8,PCCRN,4.08,N
03/29/2024,1,4,RN_DEC_AGR_A,RN,2.8,N
03/29/2024,1,4,RN_DEC_AGR_B,RN,2.8,N
03/29/2024,1,4,RN_DEC_AGR_C,RN,2.8,N
03/29/2024,1,4,RN_DEC_AGR_D,RN,2.8,N
03/29/2024,1,4,RN_ECEC_HOLT,RN,12.86,N
03/29/2024,1,4,RN_OCI_ALAMO,RN,2.28,N
03/29/2024,1,4,RN_RTS1,RN,-5.8,N
03/29/2024,1,4,RN_SR_WIND1,RN,-9.85,N
03/29/2024,1,4,RN_TOSBATT,RN,-6.8,N
03/29/2024,1,4,ROSELAND_ALL,RN,3.16,N
03/29/2024,1,4,ROUTE66_RN,RN,-5.29,N
03/29/2024,1,4,ROW_ALL,RN,4.12,N
03/29/2024,1,4,RPUBRDS_RN,RN,3.54,N
03/29/2024,1,4,RRANCHES_ALL,RN,13.08,N
03/29/2024,1,4,RRC_WIND_ALL,RN,-5.38,N
03/29/2024,1,4,RSK_RN,RN,-23.23,N
03/29/2024,1,4,RTLSNAKE_BT,RN,13.13,N
03/29/2024,1,4,RUSSEKST_RN,RN,1.01,N
03/29/2024,1,4,RVRVLYS_ALL,RN,3.61,N
03/29/2024,1,4,SADLBACK_RN,RN,12.93,N
03/29/2024,1,4,SALVTION_GEN,RN,-5.44,N
03/29/2024,1,4,SAMSON_ALL,RN,2.95,N
03/29/2024,1,4,SANDHSYD1_2,RN,3.75,N
03/29/2024,1,4,SANDHSYD3_4,RN,3.75,N
03/29/2024,1,4,SANDHSYD6_7,RN,3.75,N
03/29/2024,1,4,SANDHSYD_5AC,PCCRN,3.75,N
03/29/2024,1,4,SANDHSYD_CC1,LCCRN,3.75,N
03/29/2024,1,4,SANTACRU_ALL,RN,-9.12,N
03/29/2024,1,4,SAN_SANMIGG1,RN,-5.81,N
03/29/2024,1,4,SBEAN_BESS,RN,13.17,N
03/29/2024,1,4,SBE_RN_1,RN,5.88,N
03/29/2024,1,4,SC2SES_UNIT1,RN,3.16,N
03/29/2024,1,4,SCES_UNIT1,RN,3.16,N
03/29/2024,1,4,SCLP_PUN1,PUN,4.87,N
03/29/2024,1,4,SCLP_PUN2,PUN,4.87,N
03/29/2024,1,4,SCLP_PUN3,PUN,4.87,N
03/29/2024,1,4,SCLP_PUN4,PUN,4.87,N
03/29/2024,1,4,SCLP_SCLPC_1,RN,4.87,N
03/29/2024,1,4,SCLP_SCLPC_2,RN,4.87,N
03/29/2024,1,4,SCLP_SCLPC_3,RN,4.87,N
03/29/2024,1,4,SCLP_SCLPC_4,RN,4.87,N
03/29/2024,1,4,SCSES_UNIT2,RN,3.16,N
03/29/2024,1,4,SDSES_PUN1,RN,3.55,N
03/29/2024,1,4,SDSES_PUN3,RN,3.55,N
03/29/2024,1,4,SENATEWD_1,RN,-5.42,N
03/29/2024,1,4,SGM_SIGNALMT,RN,-1.75,N
03/29/2024,1,4,SGSA_DGR,RN,12.63,N
03/29/2024,1,4,SG_BES_BESS1,RN,12.05,N
03/29/2024,1,4,SHAFFER_ALL,RN,-9.8,N
03/29/2024,1,4,SHAMROCK_RN,RN,-31.62,N
03/29/2024,1,4,SHANNONW_RN,RN,-5.35,N
03/29/2024,1,4,SHEEPCRK_1,RN,-5.38,N
03/29/2024,1,4,SILASRAY_CC1,LCCRN,-9.85,N
03/29/2024,1,4,SIL_SILAS_10,RN,-9.85,N
03/29/2024,1,4,SIL_SILAS_6,PCCRN,-9.85,N
03/29/2024,1,4,SIL_SILAS_9,PCCRN,-9.85,N
03/29/2024,1,4,SIRIUS_UNIT1,RN,10.68,N
03/29/2024,1,4,SJS_SJS_G1,RN,4.07,N
03/29/2024,1,4,SJS_SJS_G2,RN,4.07,N
03/29/2024,1,4,SKY1,RN,9.76,N
03/29/2024,1,4,SLCN_ESS_ALL,RN,3.55,N
03/29/2024,1,4,SLTFRK_UN1_2,RN,-5.3,N
03/29/2024,1,4,SL_PUN1,RN,4.04,N
03/29/2024,1,4,SL_PUN2,PUN,4.04,N
03/29/2024,1,4,SNY_BESS_RN,RN,-5,N
03/29/2024,1,4,SOLARA_UNIT1,RN,-4.99,N
03/29/2024,1,4,SPARTA_ALL,RN,-13.72,N
03/29/2024,1,4,SPLAIN1_RN,RN,-5.3,N
03/29/2024,1,4,SPLAIN2_RN,RN,-5.3,N
03/29/2024,1,4,SPNC_SPNCE_4,RN,2.79,N
03/29/2024,1,4,SPNC_SPNCE_5,RN,2.79,N
03/29/2024,1,4,SPTX12B_RN,RN,11.4,N
03/29/2024,1,4,SROSA_ESR_RN,RN,-9.83,N
03/29/2024,1,4,SRWE1_UNIT1,RN,-4.67,N
03/29/2024,1,4,SSPURT_WIND1,RN,-5.28,N
03/29/2024,1,4,STAM_SLR_ALL,RN,2.95,N
03/29/2024,1,4,STEAM_ENG123,RN,2.97,N
03/29/2024,1,4,STEA_STEAM_1,RN,2.97,N
03/29/2024,1,4,STEA_STEAM_2,RN,2.97,N
03/29/2024,1,4,STEA_STEAM_3,RN,2.97,N
03/29/2024,1,4,STELLA_RN,RN,-9.84,N
03/29/2024,1,4,STP_STP_G1,RN,4.11,N
03/29/2024,1,4,STP_STP_G2,RN,4.11,N
03/29/2024,1,4,STRATEGC_RN,RN,3.11,N
03/29/2024,1,4,STWF_T1,RN,-5.31,N
03/29/2024,1,4,SUNVASLR_ALL,RN,3.07,N
03/29/2024,1,4,SWEC_G1,RN,5.37,N
03/29/2024,1,4,SWEETWN2_2_4,RN,-6.33,N
03/29/2024,1,4,SWEETWN3_3,RN,-6.33,N
03/29/2024,1,4,SWEETWND_1,RN,-6.33,N
03/29/2024,1,4,SWOOSE1_U1,RN,13.21,N
03/29/2024,1,4,SWOOSEII_RN,RN,13.21,N
03/29/2024,1,4,SWTWN4_WND45,RN,-6.33,N
03/29/2024,1,4,SWT_BESS_RN,RN,-5.19,N
03/29/2024,1,4,S_HILLS_RN,RN,-4.46,N
03/29/2024,1,4,TAHOKA_ALL,RN,-4.79,N
03/29/2024,1,4,TAV_RN,RN,5.18,N
03/29/2024,1,4,TAYGETE2_ALL,RN,12.68,N
03/29/2024,1,4,TAYGETE_ALL,RN,12.68,N
03/29/2024,1,4,TBWF_ES_BES1,RN,11.42,N
03/29/2024,1,4,TC_GTG2_RN,RN,4.1,N
03/29/2024,1,4,TC_PUN1,PUN,4.1,N
03/29/2024,1,4,TC_PUN2,PUN,4.1,N
03/29/2024,1,4,TC_TCHP1,RN,4.1,N
03/29/2024,1,4,TEN_CC1,LCCRN,2.67,N
03/29/2024,1,4,TEN_CT1_STG,PCCRN,2.67,N
03/29/2024,1,4,TGCCS_ALL,PCCRN,3.14,N
03/29/2024,1,4,TGCCS_CC1,LCCRN,3.14,N
03/29/2024,1,4,TGF_TGFGT,RN,6.78,N
03/29/2024,1,4,TGS_GT01,RN,6.78,N
03/29/2024,1,4,TGW_T1_T2,RN,-9.84,N
03/29/2024,1,4,THW_1_CCU,PCCRN,4.02,N
03/29/2024,1,4,THW_2_CCU,PCCRN,4.02,N
03/29/2024,1,4,THW_CC1,LCCRN,4.02,N
03/29/2024,1,4,THW_CC2,LCCRN,4.02,N
03/29/2024,1,4,THW_THWGT5X,RN,4,N
03/29/2024,1,4,THW_THWGT_1,RN,4.01,N
03/29/2024,1,4,TI_SOLAR_ALL,RN,13.13,N
03/29/2024,1,4,TKWSW_CHAMP,RN,-5.99,N
03/29/2024,1,4,TKWSW_ROSCOE,RN,-5.99,N
03/29/2024,1,4,TNP_TNP_O_1,RN,3.46,N
03/29/2024,1,4,TNP_TNP_O_2,RN,3.46,N
03/29/2024,1,4,TNSKA_CC1,LCCRN,2.94,N
03/29/2024,1,4,TNSKA_CCU,PCCRN,2.94,N
03/29/2024,1,4,TOPAZ_ALL,RN,4.1,N
03/29/2024,1,4,TORR_ALL,RN,-36.06,N
03/29/2024,1,4,TORT_ESS_RN,RN,4.12,N
03/29/2024,1,4,TOYAH_RN,RN,12.63,N
03/29/2024,1,4,TREB_SOLAR1,RN,25.92,N
03/29/2024,1,4,TRENT_TRENT,RN,-5.31,N
03/29/2024,1,4,TRINITY_ALL,RN,-5.36,N
03/29/2024,1,4,TRIPBUT1_RN,RN,12.2,N
03/29/2024,1,4,TRSES_UNIT6,RN,3.12,N
03/29/2024,1,4,TRUENO_ALL,RN,-9.92,N
03/29/2024,1,4,TRUSGILL_RN,RN,-5.37,N
03/29/2024,1,4,TTRSW_RN,RN,2.95,N
03/29/2024,1,4,TTWEC_G1,RN,-5.48,N
03/29/2024,1,4,TURQ_BESS1,RN,2.97,N
03/29/2024,1,4,TV_RN,RN,4.2,N
03/29/2024,1,4,TXCTY_CC1,LCCRN,4.1,N
03/29/2024,1,4,TXCTY_CTA,PCCRN,4.1,N
03/29/2024,1,4,TXCTY_CTB,PCCRN,4.1,N
03/29/2024,1,4,TXCTY_CTC,PCCRN,4.1,N
03/29/2024,1,4,TXCTY_ST,PCCRN,4.1,N
03/29/2024,1,4,TYLRWIND_RN,RN,1.58,N
03/29/2024,1,4,T_CK_GT2_RN,RN,-5.04,N
03/29/2024,1,4,T_CK_GT3_RN,RN,-5.04,N
03/29/2024,1,4,UCC_COG_PUN2,PUN,4.1,N
03/29/2024,1,4,UCC_UCC_C_2,RN,4.1,N
03/29/2024,1,4,VANCOURT_RN,RN,-9.85,N
03/29/2024,1,4,VENADO_ALL,RN,-28,N
03/29/2024,1,4,VERAWIND_ALL,RN,-5.37,N
03/29/2024,1,4,VERTIGO_UN1,RN,-5.51,N
03/29/2024,1,4,VICTORIA_CC1,LCCRN,34.78,N
03/29/2024,1,4,VICTPORT_RN,RN,32.66,N
03/29/2024,1,4,VIC_VICTORG5,PCCRN,34.78,N
03/29/2024,1,4,VIC_VICTORG6,PCCRN,34.78,N
03/29/2024,1,4,VISION_RN,RN,3.16,N
03/29/2024,1,4,VLSES_UNIT3,PCCRN,2.93,N
03/29/2024,1,4,VORT_ALL_RN,RN,-5.44,N
03/29/2024,1,4,WAKEWE_ALL,RN,-5.35,N
03/29/2024,1,4,WAP_WAPGT_1,RN,4.29,N
03/29/2024,1,4,WAP_WAP_G1,RN,4.29,N
03/29/2024,1,4,WAP_WAP_G2,RN,4.29,N
03/29/2024,1,4,WAP_WAP_G3,RN,4.29,N
03/29/2024,1,4,WAP_WAP_G4,RN,4.29,N
03/29/2024,1,4,WAP_WAP_G5,RN,4.29,N
03/29/2024,1,4,WAP_WAP_G6,RN,4.1,N
03/29/2024,1,4,WAP_WAP_G7,RN,4.09,N
03/29/2024,1,4,WAP_WAP_G8,RN,4.11,N
03/29/2024,1,4,WAYMARK_RN,RN,12.5,N
03/29/2024,1,4,WCPP_CC1,LCCRN,2.91,N
03/29/2024,1,4,WCPP_CT1,PCCRN,2.91,N
03/29/2024,1,4,WCPP_CT2,PCCRN,2.91,N
03/29/2024,1,4,WCPP_ST1,PCCRN,2.91,N
03/29/2024,1,4,WEBBER_WS_T1,RN,3.8,N
03/29/2024,1,4,WEC_WECG1,RN,-5.04,N
03/29/2024,1,4,WES_ALL,RN,4.84,N
03/29/2024,1,4,WFCOGEN_13,PCCRN,-4.82,N
03/29/2024,1,4,WFCOGEN_24,PCCRN,-4.82,N
03/29/2024,1,4,WFCOGEN_CC1,LCCRN,-4.82,N
03/29/2024,1,4,WFTANK_ESS1,RN,-10.18,N
03/29/2024,1,4,WGU_RN,RN,4.72,N
03/29/2024,1,4,WHCCS2_4,PCCRN,2.88,N
03/29/2024,1,4,WHCCS2_5_6,PCCRN,2.88,N
03/29/2024,1,4,WHCCS2_CC2,LCCRN,2.88,N
03/29/2024,1,4,WHCCS_CC1,LCCRN,2.88,N
03/29/2024,1,4,WHCCS_CT1_ST,PCCRN,2.88,N
03/29/2024,1,4,WHCCS_CT2,PCCRN,2.88,N
03/29/2024,1,4,WHITE_PT_UN1,RN,-3.4,N
03/29/2024,1,4,WHMESA_U1,RN,-31.63,N
03/29/2024,1,4,WHTTAIL_WR1,RN,1.24,N
03/29/2024,1,4,WH_WIND_ALL,RN,-5.57,N
03/29/2024,1,4,WILDWIND_ALL,RN,2.92,N
03/29/2024,1,4,WIPOPA_1_2,RN,4.55,N
03/29/2024,1,4,WIPOPA_3_4,RN,4.55,N
03/29/2024,1,4,WIR_WIRTZ_G1,RN,7.21,N
03/29/2024,1,4,WIR_WIRTZ_G2,RN,7.21,N
03/29/2024,1,4,WLTC_ESR_RN,RN,-7.33,N
03/29/2024,1,4,WL_RANCH_RN,RN,-6.03,N
03/29/2024,1,4,WNDTS2_UNIT1,RN,-3.35,N
03/29/2024,1,4,WND_WHITNEY,RN,2.78,N
03/29/2024,1,4,WOODWRD1_RN,RN,11.4,N
03/29/2024,1,4,WOODWRD2_RN,RN,11.4,N
03/29/2024,1,4,WOV_BESS_RN,RN,13.31,N
03/29/2024,1,4,WRSBES_BESS1,RN,13.08,N
03/29/2024,1,4,W_HRL_ESR_RN,RN,-9.84,N
03/29/2024,1,4,W_PECO_UNIT1,RN,13.19,N
03/29/2024,1,4,X443ESRN,RN,2.66,N
03/29/2024,1,4,YNG_WND_ALL,RN,-5.45,N
03/29/2024,1,4,ZIER_SLR_ALL,RN,6.31,N
